PrecursorMz	ProductMz	Tr_calibrated	transition_name	CE	LibraryIntensity	transition_group_id	decoy	PeptideSequence	ProteinName	Annotation	FullPeptideName	MissedCleavages	Replicates	NrModifications
726.8350	1066.4800	54.97	AQRT.ADVTPADFSEWSK.2_y9_1.light	37.48	100.0	ADVTPADFSEWSK	0	ADVTPADFSEWSK	AQRT	ADVTPADFSEWSK0	ADVTPADFSEWSK	0	1	0
726.8350	533.7460	54.97	AQRT.ADVTPADFSEWSK.2_y9_2.light	37.48	64.8	ADVTPADFSEWSK	0	ADVTPADFSEWSK	AQRT	ADVTPADFSEWSK0	ADVTPADFSEWSK	0	1	0
699.3380	855.4360	43.28	AQRT.DGLDAASYYAPVR.2_y7_1.light	36.27	100.0	DGLDAASYYAPVR	0	DGLDAASYYAPVR	AQRT	DGLDAASYYAPVR0	DGLDAASYYAPVR	0	1	0
699.3380	926.4740	43.28	AQRT.DGLDAASYYAPVR.2_y8_1.light	36.27	67.9	DGLDAASYYAPVR	0	DGLDAASYYAPVR	AQRT	DGLDAASYYAPVR0	DGLDAASYYAPVR	0	1	0
644.8220	800.4520	0.23	AQRT.GAGSSEPVTGLDAK.2_y8_1.light	33.87	100.0	GAGSSEPVTGLDAK	0	GAGSSEPVTGLDAK	AQRT	GAGSSEPVTGLDAK0	GAGSSEPVTGLDAK	0	1	0
644.8220	604.3310	0.23	AQRT.GAGSSEPVTGLDAK.2_y6_1.light	33.87	17.0	GAGSSEPVTGLDAK	0	GAGSSEPVTGLDAK	AQRT	GAGSSEPVTGLDAK0	GAGSSEPVTGLDAK	0	1	0
636.8690	626.3990	86.72	AQRT.GTFIIDPAAVIR.2_y6_1.light	33.52	100.0	GTFIIDPAAVIR	0	GTFIIDPAAVIR	AQRT	GTFIIDPAAVIR0	GTFIIDPAAVIR	0	1	0
636.8690	854.5100	86.72	AQRT.GTFIIDPAAVIR.2_y8_1.light	33.52	65.6	GTFIIDPAAVIR	0	GTFIIDPAAVIR	AQRT	GTFIIDPAAVIR0	GTFIIDPAAVIR	0	1	0
622.8530	598.3680	71.38	AQRT.GTFIIDPGGVIR.2_y6_1.light	32.91	100.0	GTFIIDPGGVIR	0	GTFIIDPGGVIR	AQRT	GTFIIDPGGVIR0	GTFIIDPGGVIR	0	1	0
622.8530	713.3950	71.38	AQRT.GTFIIDPGGVIR.2_y7_1.light	32.91	29.6	GTFIIDPGGVIR	0	GTFIIDPGGVIR	AQRT	GTFIIDPGGVIR0	GTFIIDPGGVIR	0	1	0
776.9290	904.4890	98.09	AQRT.LFLQFGAQGSPFLK.2_y9_1.light	39.68	100.0	LFLQFGAQGSPFLK	0	LFLQFGAQGSPFLK	AQRT	LFLQFGAQGSPFLK0	LFLQFGAQGSPFLK	0	1	0
776.9290	1051.5600	98.09	AQRT.LFLQFGAQGSPFLK.2_y10_1.light	39.68	90.6	LFLQFGAQGSPFLK	0	LFLQFGAQGSPFLK	AQRT	LFLQFGAQGSPFLK0	LFLQFGAQGSPFLK	0	1	0
487.2570	860.4230	-28.31	AQRT.LGGNEQVTR.2_y8_1.light	26.94	100.0	LGGNEQVTR	0	LGGNEQVTR	AQRT	LGGNEQVTR0	LGGNEQVTR	0	1	0
487.2570	503.2940	-28.31	AQRT.LGGNEQVTR.2_y4_1.light	26.94	53.1	LGGNEQVTR	0	LGGNEQVTR	AQRT	LGGNEQVTR0	LGGNEQVTR	0	1	0
669.8380	928.4160	29.00	AQRT.TPVISGGPYEYR.2_y8_1.light	34.97	100.0	TPVISGGPYEYR	0	TPVISGGPYEYR	AQRT	TPVISGGPYEYR0	TPVISGGPYEYR	0	1	0
669.8380	1041.5000	29.00	AQRT.TPVISGGPYEYR.2_y9_1.light	34.97	48.3	TPVISGGPYEYR	0	TPVISGGPYEYR	AQRT	TPVISGGPYEYR0	TPVISGGPYEYR	0	1	0
683.8530	956.4480	33.63	AQRT.TPVITGAPYEYR.2_y8_1.light	35.59	100.0	TPVITGAPYEYR	0	TPVITGAPYEYR	AQRT	TPVITGAPYEYR0	TPVITGAPYEYR	0	1	0
683.8530	855.4000	33.63	AQRT.TPVITGAPYEYR.2_y7_1.light	35.59	59.2	TPVITGAPYEYR	0	TPVITGAPYEYR	AQRT	TPVITGAPYEYR0	TPVITGAPYEYR	0	1	0
683.8270	819.3890	13.11	AQRT.VEATFGVDESNAK.2_b8_1.light	35.59	100.0	VEATFGVDESNAK	0	VEATFGVDESNAK	AQRT	VEATFGVDESNAK0	VEATFGVDESNAK	0	1	0
683.8270	966.4530	13.11	AQRT.VEATFGVDESNAK.2_y9_1.light	35.59	55.7	VEATFGVDESNAK	0	VEATFGVDESNAK	AQRT	VEATFGVDESNAK0	VEATFGVDESNAK	0	1	0
547.2970	817.4420	22.38	AQRT.YILAGVENSK.2_y8_1.light	29.58	100.0	YILAGVENSK	0	YILAGVENSK	AQRT	YILAGVENSK0	YILAGVENSK	0	1	0
547.2970	633.3210	22.38	AQRT.YILAGVENSK.2_y6_1.light	29.58	54.1	YILAGVENSK	0	YILAGVENSK	AQRT	YILAGVENSK0	YILAGVENSK	0	1	0